Office,Discipline,Project Number,Path
SSC,CVL,26921,\\adgce.local\projects\SSC\26000\26921\CVL\RCRD CPY\250813_01_DESN INFO
SYD,CVL,27868,\\adgce.local\projects\SYD\27000\27868\CVL\RCRD CPY\CRNT\COMMAND CENTRE\MODEL
SYD,CVL,27868,\\adgce.local\projects\SYD\27000\27868\CVL\RCRD CPY\CRNT\COMMAND CENTRE\TRANS
SYD,CVL,27868,\\adgce.local\projects\SYD\27000\27868\CVL\RCRD CPY\250807_01_COMMAND CENTRE 100% - SERVICES COORDINATION
SYD,CVL,27868,\\adgce.local\projects\SYD\27000\27868\CVL\RCRD CPY\250806_01_CANINE FACILITY DOG POOL\QA
SYD,CVL,27868,\\adgce.local\projects\SYD\27000\27868\CVL\RCRD CPY\250805_01_COMMAND CENTRE 100% - GPT UPDATE\QA
SYD,CVL,27868,\\adgce.local\projects\SYD\27000\27868\CVL\RCRD CPY\CRNT\COMMAND CENTRE
SYD,CVL,27868,\\adgce.local\projects\SYD\27000\27868\CVL\RCRD CPY\CRNT\CANINE FACILITY
SYD,CVL,27868,\\adgce.local\projects\SYD\27000\27868\CVL\RCRD CPY\250805_02_COMMAND CENTRE - 100% - PROPOSED SERVICES AMENDMENT
SYD,CVL,27868,\\adgce.local\projects\SYD\27000\27868\CVL\RCRD CPY\250807_01_COMMAND CENTRE 100% - SERVICES COORDINATION\MODEL
SYD,CVL,27868,\\adgce.local\projects\SYD\27000\27868\CVL\RCRD CPY\250806_01_CANINE FACILITY DOG POOL
SYD,CVL,27868,\\adgce.local\projects\SYD\27000\27868\CVL\RCRD CPY\250805_01_COMMAND CENTRE 100% - GPT UPDATE
SYD,CVL,24234,\\adgce.local\projects\SYD\24000\24234\24234.003\CVL\RCRD CPY
